{"Os": 4.7837384188968555, "Th": 3.3923376701763677, "W": 4.468826142213031, "Rh": 4.99353265633909, "Tl": 3.4747805585036087, "Pd": 5.0622582885360785, "Lu": 3.028722522993253, "Zn": 4.006012532977132, "Ho": 2.913266257034186, "Al": 4.037330471608542, "Cs": 1.8751164305528647, "Tc": 4.310775609058217, "Hf": 3.536008926764041, "Re": 4.552202898361322, "Y": 2.99202876802659, "Yb": 2.533226763611103, "Ce": 2.9772033855527087, "Ga": 4.081366878570779, "Nb": 4.145179474886601, "Ca": 2.7741431030485186, "Co": 4.518280396270956, "Ta": 4.25984510230876, "Dy": 2.976436713824325, "Mn": 4.320390030491729, "Au": 5.0613028170479755, "Ac": 2.8273348503886937, "La": 2.635215380673436, "Rb": 2.2025494698406836, "Te": 4.512092140739506, "Sn": 4.0720071848621675, "Mg": 3.5516548842567093, "Pt": 5.536261798693138, "Ag": 4.218729824996613, "Tb": 2.9765658504547012, "Ir": 5.312664202363099, "Er": 2.9246461580708254, "C": 5.025480570451469, "Cd": 3.6822225802500577, "Pb": 3.690091899080261, "Sc": 3.120740430653499, "Sm": 2.7406524210604237, "Si": 4.727598156310682, "Eu": 2.4344677998722473, "K": 2.3131525010388185, "Hg": 4.916892134244788, "Fe": 4.3100254191100085, "Li": 2.923604935099775, "Se": 5.2177092506177285, "Sr": 2.4108803616759267, "As": 4.400060080888103, "Ge": 4.393023136798493, "Ti": 3.6516837887110865, "V": 4.110306857025139, "Mo": 4.110184689741485, "Pr": 2.876290394311981, "B": 4.670143928386348, "Ru": 4.754906078464761, "Sb": 4.302935834455108, "Na": 2.4386818715093304, "Be": 4.749233910153612, "Cu": 4.533632208822476, "Gd": 2.957657736964261, "In": 3.698744725652306, "Ni": 4.979696757508487, "S": 5.934716982811026, "P": 5.100423004678813, "Zr": 3.5706619721160253, "Cr": 4.107330977629771, "Bi": 4.060468656505487, "Pm": 2.7962434118229114, "Tm": 2.952433924981767, "Ba": 2.3333180369156947, "Nd": 2.86160468904871}